<?xml version='1.0' encoding='UTF-8'?>  
<!DOCTYPE hibernate-mapping PUBLIC  
 "-//Hibernate/Hibernate Mapping DTD 5.3//EN"  
 "http://hibernate.sourceforge.net/hibernate-mapping-5.3.dtd">  
  
 <hibernate-mapping>  
  <class name="com.capgemini.hibernateExample.EmployeeDTO" table="EMPLOYEE">  
    <id name="empid">    </id>  
            
    <property name="firstname"></property>  
    <property name="lastname"></property>  
            
  </class>  
            
 </hibernate-mapping>  