<?xml version="1.0" encoding="UTF-8"?>
<beans xmlns = "http://www.springframework.org/schema/beans"
   xmlns:xsi = "http://www.w3.org/2001/XMLSchema-instance" 
   xsi:schemaLocation = "http://www.springframework.org/schema/beans
   http://www.springframework.org/schema/beans/spring-beans-3.0.xsd ">

   <!-- Initialization for data source -->
   <bean id="ds" 
      class = "org.springframework.jdbc.datasource.DriverManagerDataSource">
      <property name = "driverClassName" value = "oracle.jdbc.driver.OracleDriver"/>
      <property name = "url" value = "jdbc:oracle:thin:@localhost:1521:xe"/>
      <property name = "username" value = "ANGSHUMAN"/>
      <property name = "password" value = "angshu"/>
   </bean>

 	<bean id="jdbcTemplate" class="org.springframework.jdbc.core.JdbcTemplate">  
	<property name="dataSource" ref="ds"></property>  
	</bean>  
	
	<bean id = "empdao" class = "com.capgemini.util.EmpDao">
      <property name = "jdbcTemplate" ref = "jdbcTemplate" />    
   </bean>  

</beans>